{"cameraMode":{"drawMode":2,"name":"Shaded Wireframe","section":"Shading Mode"},"sceneLighting":false,"audioPlay":false,"sceneViewState":{"showFog":true,"showMaterialUpdate":false,"showSkybox":false,"showFlares":true,"showImageEffects":true,"showParticleSystems":true},"in2DMode":false,"pivot":{"x":9.855907440185547,"y":-2.369619607925415,"z":12.023420333862305},"rotation":{"x":-0.008507244288921357,"y":0.5504224896430969,"z":0.00560899218544364,"w":0.8348241448402405},"size":47.16928482055664,"orthographic":false}