{"cameraMode":{"drawMode":2,"name":"Shaded Wireframe","section":"Shading Mode"},"sceneLighting":true,"audioPlay":false,"sceneViewState":{"showFog":true,"showMaterialUpdate":false,"showSkybox":true,"showFlares":true,"showImageEffects":true,"showParticleSystems":true},"in2DMode":false,"pivot":{"x":11.230329513549805,"y":-0.1610323190689087,"z":4.750554084777832},"rotation":{"x":0.1646644026041031,"y":0.26110705733299258,"z":-0.04524808004498482,"w":0.9500849843025208},"size":39.70021057128906,"orthographic":true}