{"cameraMode":{"drawMode":2,"name":"Shaded Wireframe","section":"Shading Mode"},"sceneLighting":true,"audioPlay":false,"sceneViewState":{"showFog":true,"showMaterialUpdate":false,"showSkybox":true,"showFlares":true,"showImageEffects":true,"showParticleSystems":true},"in2DMode":false,"pivot":{"x":0.16185005009174348,"y":-0.8135111331939697,"z":-3.693734645843506},"rotation":{"x":0.1200144812464714,"y":0.010415623895823956,"z":-0.0012598354369401932,"w":0.9927167296409607},"size":5.868742942810059,"orthographic":false}