{"cameraMode":{"drawMode":0,"name":"Shaded","section":"Shading Mode"},"sceneLighting":false,"audioPlay":false,"sceneViewState":{"showFog":true,"showMaterialUpdate":false,"showSkybox":false,"showFlares":true,"showImageEffects":true,"showParticleSystems":true},"in2DMode":false,"pivot":{"x":-2.42071533203125,"y":6.491490364074707,"z":10.262287139892579},"rotation":{"x":-0.29831209778785708,"y":-0.3798159956932068,"z":0.13086433708667756,"w":-0.8658084869384766},"size":47.42435836791992,"orthographic":false}