{"cameraMode":{"drawMode":2,"name":"Shaded Wireframe","section":"Shading Mode"},"sceneLighting":true,"audioPlay":false,"sceneViewState":{"showFog":true,"showMaterialUpdate":false,"showSkybox":true,"showFlares":true,"showImageEffects":true,"showParticleSystems":true},"in2DMode":false,"pivot":{"x":30.576766967773439,"y":-17.774280548095704,"z":270.55108642578127},"rotation":{"x":0.02729235403239727,"y":0.018293915316462518,"z":-0.0004995993222109973,"w":0.999459981918335},"size":341.6507873535156,"orthographic":false}