{"cameraMode":{"drawMode":2,"name":"Shaded Wireframe","section":"Shading Mode"},"sceneLighting":false,"audioPlay":false,"sceneViewState":{"showFog":true,"showMaterialUpdate":false,"showSkybox":false,"showFlares":true,"showImageEffects":true,"showParticleSystems":true},"in2DMode":false,"pivot":{"x":-0.24389325082302094,"y":0.676062822341919,"z":1.7937042713165284},"rotation":{"x":0.613898754119873,"y":-0.1031094640493393,"z":0.08132024854421616,"w":0.7783854007720947},"size":6.574389934539795,"orthographic":false}